[
  {
    "bounding_box": [
      [
        5,
        0
      ],
      [
        299,
        0
      ],
      [
        299,
        39
      ],
      [
        5,
        39
      ]
    ],
    "text": "Add Hindi English",
    "confidence": 0.5237334471820876
  },
  {
    "bounding_box": [
      [
        7,
        29
      ],
      [
        295,
        29
      ],
      [
        295,
        71
      ],
      [
        7,
        71
      ]
    ],
    "text": "Text On Image",
    "confidence": 0.6137153688057054
  },
  {
    "bounding_box": [
      [
        5,
        65
      ],
      [
        299,
        65
      ],
      [
        299,
        103
      ],
      [
        5,
        103
      ]
    ],
    "text": "Online For FREE",
    "confidence": 0.7946892365279842
  },
  {
    "bounding_box": [
      [
        0,
        97
      ],
      [
        300,
        97
      ],
      [
        300,
        165
      ],
      [
        0,
        165
      ]
    ],
    "text": "हिंदी में लिखें",
    "confidence": 0.6271175255308549
  }
]